企業名,URL
ソーシャルワイヤー,https://find-model.jp/sns/
SNAPLACE,https://snaplace-corp.jp/
セスグモ,https://cessgumo.co.jp/business/sns/
アットファンズ・マーケティング,https://atfanz-m.co.jp/
UnReact,https://unreact.jp/sns-ec
バケット,https://bucket.co.jp/
ピクルス,https://pickles.tv/
フェリエスト,https://feriest.com/
エッセンシャルショート,https://pechico-blog.com/tools/esshort
ハーマンドット,https://hermandot.co.jp/service/service06/
DMF,https://d-m-f.jp/
デジマース,https://www.digimerce.jp/
コムニコ,https://www.comnico.jp/
リベルテ,https://www.liberte-group.co.jp/
CIN GROUP,https://instagram.cin-group.com/
FanKey,https://fankey.jp/
INITIAL BRAIN JAPAN,https://kigyolog.com/tool.php?id=2989
ニューオーダー,https://www.neworder.co.jp/
